Metric,Value
Cumulative Return,0.445216059798744
Sharpe Ratio,0.22820260121706407
Max Drawdown,0.1459792815454869
Final Portfolio Value,1445216.059798744
