Metric,Value
Cumulative Return,0.46783698908997096
Sharpe Ratio,0.2417582879940655
Max Drawdown,0.15214506985552234
Final Portfolio Value,1459214.7654173793
