Metric,Value
Cumulative Return,0.48714692709778173
Sharpe Ratio,0.2640441847605081
Max Drawdown,0.14788702728961656
Final Portfolio Value,1481311.5434368732
