Metric,Value
Cumulative Return,0.529351644684189
Sharpe Ratio,0.2054958017602502
Max Drawdown,0.08657176696466284
Final Portfolio Value,1529351.644684189
