Metric,Value
Cumulative Return,0.17826938269764492
Sharpe Ratio,0.10987446553221279
Max Drawdown,0.22930750635859742
Final Portfolio Value,1174412.680306687
